cell,group,seed,MAE,RMSE,DA%,Sharpe,IC,Prec,Rec,F1,ESS,base_rate_DA%,DA_skill%,DA_ind%,Prec_ind,Rec_ind,F1_ind,ModalDisagreement,TemporalLag,CompositeScore,degenerate,DA%_gated,Sharpe_gated,IC_gated,gate_coverage,gate_tau,gate_conviction,train_time_sec
0,0 — Reference,1,0.0330375490941176,0.04796191468479632,45.535714285714285,-0.37698157830603507,-0.038721852477510546,0.5008901548869503,0.4490678267045455,0.47173420526182025,422,53.78,-8.24,45.70625423769359,0.5016850542830035,0.4508989056413795,0.47277943122155985,0.4983261597321856,0.8,0.7361858391137606,False,50.67796610169491,-0.23614138032520504,0.010255885256896446,0.30416272469252603,0.014161249622702599,True,87.12
0,0 — Reference,42,0.03373454738854778,0.04830473405974447,42.121848739495796,-0.606056203873103,-0.01873609535994124,0.47780746635240856,0.42915482954545453,0.44192100727418054,422,53.78,-11.66,42.44164093862635,0.47938205816240675,0.43164263088628924,0.44437311517576655,0.5514775977121068,1.0,0.7662158618001724,False,49.55277280858677,0.0368527136436822,0.08850206041800604,0.2876064333017975,0.015061327256262302,True,61.27
0,0 — Reference,123,0.03510548375074126,0.048548669575336,48.424369747899156,0.470065412122511,0.05963991915633775,0.5332772182393406,0.4765625,0.5001474898483051,422,53.78,-5.36,48.428720114007625,0.5327871879603303,0.4772049660435508,0.5000057168330558,0.5004812319538018,0.8,0.733749898344322,False,57.965451055662186,0.4248871684600826,0.09094727742567564,0.26773888363292336,0.024364440236240625,True,64.01
0p,0 — Reference,1,0.033815228866505655,0.04746318584955028,48.161764705882355,0.3275988314984358,0.023139849601224255,0.4759404364249368,0.4546253551136364,0.40140760084461763,422,53.78,-5.62,47.890611520830774,0.4738942579049411,0.4536340503411789,0.39907386042332554,0.29532442748091603,1.0,0.741975633878198,False,51.49572649572649,0.5765160595357706,0.026613753252212758,0.24408703878902555,0.017643187660723925,True,76.23
0p,0 — Reference,42,0.032358619970635646,0.04640148948738835,46.7436974789916,0.5043354577777224,-0.041121229091076524,0.5076839942518497,0.44927201704545455,0.4463414716452664,422,53.78,-7.04,46.78749923106367,0.50871902747894,0.4510122113518465,0.44768766660800513,0.16920058852378617,1.0,0.7230341639709529,False,50.35294117647059,0.09266599189177606,0.08007690389797983,0.22327341532639547,0.016558969859033823,True,53.81
0p,0 — Reference,123,0.03145028099455422,0.04555424176675815,50.52521008403361,0.6365126749202437,-0.03781842261900063,0.5087397189739976,0.4766779119318182,0.4126087346426329,422,53.78,-3.25,50.41290218788019,0.5103650180044904,0.47771636628962455,0.4135016388724928,0.20528846153846153,1.0,0.714381244271207,False,52.16400911161732,0.021405028519784017,0.06306433892920468,0.23084200567644275,0.010318322340026498,True,66.86
1,1 — Component knockouts,1,0.03481334042665103,0.04945290854292079,46.48109243697479,0.027168070751571037,0.055669566227252526,0.5271110468478889,0.47024147727272725,0.4901059082407848,422,53.78,-7.3,46.385200572772135,0.5275861598373217,0.4686500384208411,0.489585383918128,0.6210023866348449,1.0,0.7630001545342073,False,56.62824207492796,0.25770374294296333,0.1477802360338175,0.3609271523178808,0.01941410731524229,True,51.57
1,1 — Component knockouts,42,0.03683484321888733,0.05065521636889621,46.7436974789916,0.19188694570729353,0.12146891571636008,0.5429601304770911,0.4766779119318182,0.4907585710035982,422,53.78,-7.04,46.804370799329256,0.5441870478138724,0.47637102470970644,0.4913134984489459,0.6606205250596658,1.0,0.7761343773419206,False,60.36505867014341,0.8051692826933351,0.2750044107932633,0.40397350993377484,0.02386285411193967,True,62.92
1,1 — Component knockouts,123,0.034303612140271354,0.048160582422620585,43.80252100840336,0.09881557220016066,0.05262324565831874,0.5005375857727369,0.44645774147727274,0.46088334885019,422,53.78,-9.98,43.8702753646467,0.5009130253428877,0.44650056828243007,0.46121647574797436,0.6500479386385427,1.0,0.7629023867589184,False,51.622874806800624,0.12030826453476995,0.08043448909428866,0.33349101229895933,0.018357552122324705,True,65.81
2,1 — Component knockouts,1,0.03645453421316344,0.05344994384754075,47.89915966386555,-0.38788636433698,0.022569425140624527,0.5494073811811913,0.49093572443181815,0.4946329005251447,422,53.78,-5.88,48.00750864626194,0.5501307886809288,0.4911562825518597,0.4951654056403836,0.6947619047619048,1.0,0.7972991152085184,False,48.84615384615385,-0.565836742762921,-0.07738459048412441,0.2771996215704825,0.023286237847059965,True,78.64
2,1 — Component knockouts,42,0.03196944360717081,0.046283220620556044,43.32983193277311,-0.41847806925253855,-0.034481815088282186,0.4800295948441379,0.4323153409090909,0.45454089314129187,422,53.78,-10.45,43.58960711340159,0.48371693615266775,0.43519777285371186,0.45770409911410964,0.3638968481375358,1.0,0.734385535193649,False,52.317880794701985,0.4712131770003934,0.1371297640638666,0.16035950804162724,0.012838480062782764,True,61.83
2,1 — Component knockouts,123,0.03394353640701598,0.047885281592333837,51.73319327731093,1.0646697827595075,0.11501596133947312,0.581076870786835,0.5001331676136364,0.509802649666355,422,53.78,-2.05,51.88716275021759,0.5849466621018747,0.5030261029961116,0.5122376260752409,0.4035766070565491,1.0,0.7241349203281846,False,59.80551053484603,0.45831393485477034,0.15221881479512844,0.32213812677388837,0.021975507494062185,True,75.27
3,1 — Component knockouts,1,0.03538755210836115,0.049259463516711455,47.21638655462185,0.4596825690165255,0.11023588944975747,0.5497420687409699,0.4877840909090909,0.47922750632188593,422,53.78,-6.56,47.0681492044072,0.5506602330411619,0.4849532427817748,0.4784855008858469,0.7263610315186246,1.0,0.7664370167378088,False,56.06694560669456,0.42387088754457414,0.23493895519213823,0.25260170293282874,0.02696557715535164,True,73.5
3,1 — Component knockouts,42,0.0337905991155267,0.048567137668950634,44.27521008403361,-0.5169527761463285,0.0024679008896791705,0.49739648998940944,0.44877485795454547,0.46468272178270525,422,53.78,-9.5,44.75880289712429,0.49938177544891965,0.45312059627015094,0.46830099896634636,0.5085632730732635,1.0,0.758028289040151,False,58.18181818181818,0.2619386650353275,0.1610534150858177,0.22658467360454115,0.018508111592382193,True,57.46
3,1 — Component knockouts,123,0.03431348442246648,0.0479985618531459,47.846638655462186,0.3534854589452076,0.11979995748497306,0.5405648584220013,0.4881303267045455,0.498685940360491,422,53.78,-5.93,47.8526474819898,0.5400264986850752,0.48737536043788127,0.4985619778052698,0.6195965417867435,1.0,0.7446147756951774,False,55.769230769230774,0.531755765731267,0.16702790239833518,0.41106906338694416,0.018125472590327263,True,74.78
4,1 — Component knockouts,1,0.035093360316007155,0.04923773323918801,42.226890756302524,-0.5439182892596202,-0.01170588162348212,0.47342897049085453,0.4270951704545455,0.4445873586712492,422,53.78,-11.55,42.446118825156404,0.4747801244481872,0.42874394792193227,0.4465018199708982,0.6486615678776291,1.0,0.7813855276750147,False,51.95246179966044,0.238669522194986,0.09601922983726868,0.3074739829706717,0.019295508973300457,True,75.88
4,1 — Component knockouts,42,0.03373454738854778,0.04830473405974447,42.121848739495796,-0.606056203873103,-0.01873609535994124,0.47780746635240856,0.42915482954545453,0.44192100727418054,422,53.78,-11.66,42.44164093862635,0.47938205816240675,0.43164263088628924,0.44437311517576655,0.5514775977121068,1.0,0.7662158618001724,False,49.55277280858677,0.0368527136436822,0.08850206041800604,0.2876064333017975,0.015061327256262302,True,59.46
4,1 — Component knockouts,123,0.03510548375074126,0.048548669575336,48.424369747899156,0.470065412122511,0.05963991915633775,0.5332772182393406,0.4765625,0.5001474898483051,422,53.78,-5.36,48.428720114007625,0.5327871879603303,0.4772049660435508,0.5000057168330558,0.5004812319538018,0.8,0.733749898344322,False,57.965451055662186,0.4248871684600826,0.09094727742567564,0.26773888363292336,0.024364440236240625,True,63.94
5,1 — Component knockouts,1,0.0349759191264691,0.04946582061992032,44.32773109243697,-0.3800706755347629,0.050356103572242954,0.5008137925248543,0.44614701704545456,0.4684879503779277,422,53.78,-9.45,44.39617561252899,0.5006284762885775,0.4465593301913563,0.46883054162889526,0.6304451890856869,1.0,0.770995800019376,False,56.74518201284796,0.5415673057270668,0.22390933150335796,0.24361400189214757,0.024397078435868025,True,62.77
5,1 — Component knockouts,42,0.034839551691074916,0.04875710729176718,42.016806722689076,-0.35311508660693813,0.028471524893088747,0.47968090035068495,0.4350497159090909,0.42590088940236515,422,53.78,-11.76,42.08442304143371,0.47994513499132696,0.43454793583598816,0.4265166400520859,0.630579297245964,1.0,0.7770054335739812,False,52.12620027434842,0.3900022669525159,0.15763810326433583,0.3793755912961211,0.016705309972167015,True,59.55
5,1 — Component knockouts,123,0.03508840410971912,0.04920069349148319,48.476890756302524,0.4069300111115102,0.08010942225033493,0.5405694197904702,0.4826438210227273,0.5099669034687084,422,53.78,-5.3,48.27942545076756,0.5398099643129686,0.48084318247267543,0.5084001291374213,0.5450191570881227,1.0,0.7512903221909438,False,55.26315789473685,0.21003461009435523,0.12736858187341868,0.39640491958372753,0.018557037226855755,True,62.37
6,1 — Component knockouts,1,0.0330375490941176,0.04796191468479632,45.535714285714285,-0.37698157830603507,-0.038721852477510546,0.5008901548869503,0.4490678267045455,0.47173420526182025,422,53.78,-8.24,45.70625423769359,0.5016850542830035,0.4508989056413795,0.47277943122155985,0.4983261597321856,0.8,0.7361858391137606,False,50.67796610169491,-0.23614138032520504,0.010255885256896446,0.30416272469252603,0.014161249622702599,True,87.7
6,1 — Component knockouts,42,0.03426830129649358,0.04837533634148004,46.32352941176471,-0.010526386331164348,-0.0017058858657256534,0.4988653088353986,0.45031960227272727,0.461607309198535,422,53.78,-7.46,46.01693275281488,0.4979216911031605,0.44823555491860995,0.45951108784119044,0.4142517814726841,0.8,0.7374358764347635,False,55.1578947368421,0.22702107304476704,-0.02910752016434973,0.2478713339640492,0.020672615617513657,True,63.65
6,1 — Component knockouts,123,0.033550869676923285,0.047298607732806974,48.686974789915965,0.42472992889012157,0.054065771981097535,0.5304800875744149,0.4810014204545454,0.5035098137555654,422,53.78,-5.09,48.75167460095052,0.5301786861063037,0.4819999755477147,0.5037262334259601,0.5346062052505967,0.8,0.7208619218266347,False,52.57879656160458,0.13492213094362218,0.007333636509376246,0.3618732261116367,0.01370857167057693,True,105.27
7,1 — Component knockouts,1,0.03429274755619776,0.04909493712665274,40.23109243697479,-0.6734111661655844,-0.08981535794327801,0.4534774830831454,0.4142933238636364,0.4137843901801469,422,53.78,-13.55,40.408852131833285,0.4532520135501361,0.41501083899047764,0.4149219011001038,0.6633141762452107,0.8,0.776207428554981,False,42.06008583690987,-0.8007872090142731,-0.16869950764140146,0.3680227057710501,0.011471453122794628,True,59.87
7,1 — Component knockouts,42,0.035517378002052964,0.04960837005976554,47.58403361344538,0.4653950770161277,0.12537329554840404,0.5610101978719089,0.4938387784090909,0.4786490725390421,422,53.78,-6.2,47.54782643341125,0.5598261103493168,0.49233840087803327,0.4773452313004148,0.6867239732569246,1.0,0.7657378541736818,False,53.551296505073275,0.36955753621043075,0.13886549147238264,0.46594134342478716,0.016627456061542034,True,71.39
7,1 — Component knockouts,123,0.03222826977622628,0.046859589365691,46.63865546218487,0.09951374357729444,0.038733486794020125,0.5219526273475026,0.46787109375,0.4915540493916136,422,53.78,-7.14,46.586575721433164,0.5203993496453991,0.46729201112771274,0.4906007957469284,0.5892771661081857,1.0,0.7354208639016656,False,54.296875,0.03886626384989753,0.03002375323767836,0.2663197729422895,0.011478497413918376,True,64.68
8,2 — News side,1,0.03601783119436271,0.04973562678458855,45.85084033613445,0.16042934467681783,0.04600914783679548,0.5119473123106273,0.46669921875,0.4765096477690747,422,53.78,-7.93,45.90929375760393,0.5131957817825497,0.46649688374076376,0.47761956831308827,0.655965500718735,1.0,0.7748362561194666,False,50.1432664756447,0.14322793149853277,0.05863455589076649,0.36471144749290446,0.019874740857630968,True,78.38
8,2 — News side,42,0.033043417216665934,0.047371290652938755,48.056722689075634,0.263900202116942,0.07588934845656278,0.5375594081731769,0.4916015625,0.49505274400023325,422,53.78,-5.72,48.51729630591591,0.5409423551532055,0.495270431047831,0.49926098558950505,0.5710213776722091,1.0,0.7359834590828856,False,51.792114695340494,0.06990830386096433,0.1806385281247991,0.2899716177861873,0.013245007256045938,True,77.76
8,2 — News side,123,0.035126520573511226,0.048838638005572824,43.32983193277311,0.0031247683900228196,0.02500224588909931,0.48988121106765176,0.4415838068181818,0.45284886560923904,422,53.78,-10.45,43.70549868084699,0.49248958029575746,0.44489531644050506,0.45594445776641257,0.6351480420248329,1.0,0.7732285158994721,False,52.472089314194584,0.4170812164088735,0.1121117626461024,0.3282876064333018,0.018843336030840874,True,75.52
8p,2 — News side,1,0.03464964386283241,0.04854991409003766,44.747899159663866,0.02469084816064366,-0.009955004742625631,0.48594075543357085,0.43647017045454545,0.4522409274768754,422,53.78,-9.03,44.797315159095774,0.4859867533266581,0.4377632461878684,0.45251437608138295,0.43424198947871834,1.0,0.759381947998728,False,46.649484536082475,0.026152821689094958,-0.10837433830354541,0.20198675496688742,0.019272857811301947,True,76.51
8p,2 — News side,42,0.033942824274849924,0.04871485028085,43.59243697478992,-0.18225191245573527,-0.0648681075235728,0.4820494071429595,0.43004261363636365,0.4532343284133558,422,53.78,-10.19,43.69368431574918,0.48259578079112975,0.43148038085000995,0.4542212990577011,0.3834296724470135,1.0,0.7600394764914302,False,42.75,-0.4941796729530359,-0.10406797490385604,0.21239356669820245,0.017099780030548573,True,75.42
8p,2 — News side,123,0.03207626944389637,0.046149678660140234,50.89285714285714,0.6211738194811026,-0.03971920472073865,0.5158433970703343,0.4800159801136364,0.4146469411092052,422,53.78,-2.89,50.72633440073089,0.5168709333871498,0.4804248772723206,0.41489505321395737,0.20963855421686747,1.0,0.7200663654248863,False,49.88814317673378,-0.20762315856325647,-0.09019722213452551,0.23226111636707664,0.0118243214674294,True,64.67
9,2 — News side,1,0.03492703395812179,0.04857667022546095,48.476890756302524,0.4804264251071137,0.08572412409095184,0.5373578207026517,0.48056640625,0.5068997679998808,422,53.78,-5.3,48.635667459525465,0.5375895901710132,0.4827446305359662,0.5078971926956519,0.5589645254074784,0.4,0.7055384984690785,False,58.56573705179283,0.6717904846090809,0.2170574418959469,0.25733207190160834,0.02606369461864233,True,84.13
9,2 — News side,42,0.03522178277591004,0.04976175718735596,45.010504201680675,-0.11386637433685362,0.040064446505798254,0.5184065934065935,0.46663707386363634,0.4535133615160535,422,53.78,-8.77,45.181173476594715,0.5187843890092473,0.46714270146912285,0.45446835351449344,0.6925273679200381,1.0,0.7785545589127051,False,50.775193798449614,-0.01065543102924953,0.09681607006783782,0.4063386944181646,0.017475692089647055,True,77.19
9,2 — News side,123,0.033712594746042567,0.048134147378102884,47.0063025210084,0.08027353805529643,0.06358433668593055,0.5255690172322531,0.4777610085227273,0.4906329244941262,422,53.78,-6.77,46.86047041246884,0.5244634967368691,0.47586902251231056,0.48925642634055533,0.6354066985645933,0.4,0.707685677927315,False,55.27777777777778,0.16414825804710728,0.08879100299909173,0.3760643330179754,0.015627272427082062,True,73.57
10,3 — Gate sweep,1,0.033535024349425846,0.04784210798753878,43.27731092436975,-0.20661945463659986,0.04524340734198411,0.49222908239301677,0.45220170454545455,0.4227727243980608,422,53.78,-10.5,43.396641650604444,0.49262468256598907,0.45200037443724855,0.4233634235228191,0.7592149353757779,0.8,0.7559085118156156,False,54.01146131805158,0.23300001559940453,0.14811931014488647,0.3684957426679281,0.015567890601232648,True,58.09
10,3 — Gate sweep,42,0.035970618396721984,0.051244657786489164,49.68487394957983,0.5594407443366499,0.11143981035124423,0.5559674905366288,0.5036221590909091,0.521074537620541,422,53.78,-4.1,49.79481956766412,0.5562777338210231,0.504195668280425,0.5219526852866635,0.5836909871244635,1.0,0.7641508850264426,False,56.86274509803921,0.21333781686737652,0.06728759345248086,0.40397350993377484,0.021264216396957636,True,73.97
10,3 — Gate sweep,123,0.03503323511175461,0.04894206108436696,47.47899159663865,0.0752049935938531,0.05394473037866685,0.5232309665653161,0.4712890625,0.4958382028667627,422,53.78,-6.3,47.48315221180266,0.5240997669309412,0.47172999334389587,0.4963508257607467,0.5515267175572519,0.8,0.7409249126018446,False,56.2862669245648,0.5820042876636962,0.17784227494338953,0.2710501419110691,0.022607688792049885,True,74.57
11,3 — Gate sweep,1,0.0375425385182928,0.05095117206173809,44.905462184873954,0.08335224216126555,0.05363568713818372,0.5074090667728661,0.4650213068181818,0.45284580782206674,422,53.78,-8.87,44.92403190914932,0.507111250386672,0.4637798094987442,0.4533058910178692,0.7288782816229117,1.0,0.7965522458951123,False,50.24330900243309,0.2237117584611771,0.10676310865154015,0.43330179754020814,0.022175388876348734,True,64.2
11,3 — Gate sweep,42,0.03325447398101595,0.047792655878717824,43.38235294117647,-0.7471746611824488,-0.02949285707642104,0.4822492987377279,0.4392755681818182,0.45402097902097904,422,53.78,-10.4,43.54713765441382,0.4842876005506035,0.44056634308371256,0.4557829638979795,0.42979533555449784,1.0,0.7519447762231904,False,49.34210526315789,0.2941427865327106,0.11861263029534472,0.1608325449385052,0.01725430181249976,True,52.35
11,3 — Gate sweep,123,0.03588718327747132,0.04967944629296195,44.642857142857146,-0.007772211029318165,-0.0024178680573943984,0.49150796123860496,0.4368519176136364,0.4564826654211904,422,53.78,-9.14,44.38533144004119,0.4923908425602173,0.43496053539442225,0.4552539653126132,0.507177033492823,0.8,0.76016428030371,False,54.589371980676326,0.41054907610783375,0.10251011763176082,0.3216650898770104,0.02040000120177865,True,75.36
12,3 — Gate sweep,1,0.03329634739108938,0.04639796029372773,52.62605042016807,0.9580252260658764,0.13267117033038764,0.5785023493689907,0.5166637073863636,0.5395648270521799,422,53.78,-1.15,52.36478188408769,0.5766410514805773,0.5145583549329853,0.5368116519153714,0.5291586998087954,1.0,0.7118814075840542,False,59.16230366492147,0.9759754711768192,0.15707088074424527,0.3008514664143803,0.02042287401854992,True,75.71
12,3 — Gate sweep,42,0.03259405948167188,0.04679471728458452,44.48529411764706,-0.16920106104017374,-0.04953089653493154,0.48833172541743974,0.4362659801136364,0.4565444711728428,422,53.78,-9.29,44.59096398416105,0.4906552059642883,0.43817875542481677,0.4583455540142299,0.2883967260471834,1.0,0.7350820501609562,False,50.171821305841924,0.10038415825410893,0.15653561382042774,0.15279091769157993,0.016710386611521244,True,52.5
12,3 — Gate sweep,123,0.033015372110924035,0.046850648736827115,48.792016806722685,0.5437543450748012,0.08473890090371479,0.5360211357650755,0.47414772727272725,0.4879838235896875,422,53.78,-4.99,49.008587133587596,0.5376197451818374,0.47708578451963934,0.4899811067911795,0.410912602607436,0.8,0.7098986384481024,False,58.536585365853654,0.5060067805046576,-0.023727885714005487,0.2596972563859981,0.020152496173977852,True,63.88
13,3 — Gate sweep,1,0.034519526350127096,0.04944459978031666,48.739495798319325,0.10458262525971593,0.07436808234475759,0.5426453265395573,0.4875621448863636,0.513096597887497,422,53.78,-5.04,48.701113955226255,0.5434233541784088,0.48733237443459815,0.5133052198926531,0.572936660268714,1.0,0.7514122517753916,False,57.548845470692726,0.33822425510126053,0.2190867874131719,0.2899716177861873,0.02369710011407733,True,64.86
13,3 — Gate sweep,42,0.0335102134106517,0.0476988616110681,46.7436974789916,0.24290806611013532,0.10696736543879778,0.5356448501776697,0.47883522727272726,0.48507995965015654,422,53.78,-7.04,46.704930021097326,0.5335451508021718,0.47762653479342776,0.48374212940317546,0.612565445026178,1.0,0.7436099007914818,False,53.3532041728763,0.5254237261718373,0.15058199804302322,0.3533585619678335,0.016713015269488096,True,80.16
13,3 — Gate sweep,123,0.032529544337049146,0.047075055701290835,50.6827731092437,0.736186482024488,0.12232922893379594,0.5643868993481309,0.49747869318181814,0.522430483958278,422,53.78,-3.1,50.52932014066408,0.5652440900399255,0.4966566691499315,0.5218616642202344,0.47988505747126436,1.0,0.7166954892402346,False,61.60558464223386,0.32588351920143055,0.09025027422641702,0.2989593188268685,0.01726860273629427,True,71.3
14,4 — Output formulation,1,0.03613866005161895,0.050997837223159655,43.96008403361344,-0.40697285875344785,0.019268922160332047,0.4925787615616186,0.44616477272727273,0.45962380653882395,422,53.78,-9.82,44.23490591067124,0.49348813492894533,0.4484282692128893,0.4615813407926129,0.6649114408808042,1.0,0.7906387817273149,False,52.193645990922846,-0.11167038818895621,0.07075025204802109,0.34295175023651847,0.020574842114001513,True,59.63
14,4 — Output formulation,42,0.03438219697106191,0.04852621449020394,48.634453781512605,0.29394568693831286,0.057489495576864245,0.5344856689974131,0.4822709517045455,0.5068711427382525,422,53.78,-5.15,48.43362922573237,0.5339837466270706,0.4805568127162802,0.5055881640406625,0.4990494296577947,1.0,0.7434881009782455,False,54.32900432900433,0.359830618333608,0.11352523821267706,0.24077578051087986,0.021476205438375473,True,73.13
14,4 — Output formulation,123,0.03740208087137195,0.05222493463899312,41.439075630252105,-0.6559916428869715,-0.00725489024079676,0.4726223285763713,0.42943892045454546,0.4175735789385347,422,53.78,-12.34,41.616425613668156,0.4728881781923996,0.4301634797617311,0.41846125911741544,0.7051526717557252,0.8,0.8028891895222637,False,48.36272040302267,-0.4580492970599509,0.06999743417262738,0.42147587511825924,0.019937111996114254,True,72.66
15,4 — Output formulation,1,0.037122586862282654,0.05201584094636801,45.535714285714285,-0.5020826734640503,0.006493454424041057,0.5105952842119654,0.46440873579545455,0.4713259789827169,422,53.78,-8.24,45.40380360910238,0.5088271438018128,0.46238037688140743,0.4700688134022723,0.6638054363376252,0.8,0.7834908518726371,False,51.85185185185185,-0.06664495752832991,0.12520742541641514,0.32450331125827814,0.023971680086106062,True,65.14
15,4 — Output formulation,42,0.03557037667286119,0.050575263895918,42.594537815126046,-0.573721522128464,-0.01880076905136108,0.4940826578728388,0.4456143465909091,0.41365838855279535,422,53.78,-11.19,42.65411039761413,0.49464154951918154,0.4447326656321985,0.4140902908386897,0.6679316888045541,1.0,0.7967771120272871,False,48.23008849557522,-0.27013851831494395,0.061475928811034725,0.35383159886471144,0.01655746903270483,True,58.2
15,4 — Output formulation,123,0.036863816497933556,0.05156346349377365,44.747899159663866,-0.3206456056951247,0.016014563956989893,0.5165700848240531,0.46235795454545453,0.4556668921363515,422,53.78,-9.03,44.97602364222929,0.5152496270851932,0.4635795541927886,0.45653976691294246,0.6944444444444444,0.8,0.7840431157299383,False,50.076569678407346,-0.33334138549111864,0.0045901435967051546,0.3415326395458846,0.022351474035531282,True,72.08
16,4 — Output formulation,1,0.036197929933392,0.051036969258426275,45.483193277310924,-0.16035620657075506,0.04717846745916901,0.5110920956933549,0.45888671875,0.47919080282216786,422,53.78,-8.3,45.44497440865947,0.5113815968383513,0.4580000569423072,0.47909796292243073,0.6068007662835249,1.0,0.7813643020262665,False,57.537154989384284,0.08159151610692546,0.09300408361954836,0.2445600756859035,0.029855345841497183,True,78.46
16,4 — Output formulation,42,0.0357047628234255,0.05008825397660614,48.00420168067227,0.2899622108953903,-0.03836681116716338,0.5159973045822103,0.4587535511363636,0.4429232990076971,422,53.78,-5.78,48.04217930798008,0.5192869071953918,0.4605790434993784,0.443840202405107,0.22716288061865636,1.0,0.7606600144245154,False,49.07834101382488,-0.23901092672558938,-0.08476106296931749,0.2294228949858089,0.02722218306735158,True,57.91
16,4 — Output formulation,123,0.0407723085571025,0.05556725737383019,41.596638655462186,-0.6530786035906223,-0.06495407787613768,0.4697195699886766,0.4187588778409091,0.43961814857337245,422,53.78,-12.18,41.552861132375526,0.46982286600333556,0.41824575061156455,0.4393991412560929,0.5867371456030754,1.0,0.84547041409806,False,44.857142857142854,-0.6380283905690828,-0.11085049653348535,0.36565752128666035,0.02628606790676713,True,73.85
17,4 — Output formulation,1,0.03730466881052526,0.05171776137915359,41.806722689075634,-0.7294935846445599,-0.01667253063179329,0.4798711969561452,0.43413529829545455,0.41914276410650164,422,53.78,-11.97,42.29462011127364,0.48087566309288404,0.43802671525151926,0.4224721395898802,0.7558416785884597,1.0,0.8156249576874908,False,45.44431946006749,-0.342490637690905,0.11589728724651685,0.45931882686849573,0.018313721753656864,True,262.9
17,4 — Output formulation,42,0.036719402579956255,0.05240594938027581,42.752100840336134,-0.5389781231960322,-0.025485535231782423,0.4898472925568607,0.44108664772727274,0.4387202011792092,422,53.78,-11.03,42.719220139069265,0.48859640648806746,0.43982569615230094,0.4376429868283262,0.6503096712720343,0.8,0.7945703932565886,False,46.62857142857143,-0.6768419214331335,-0.06427156533053939,0.45931882686849573,0.014758879784494638,True,253.1
17,4 — Output formulation,123,0.03608351750045915,0.049902910694683535,46.42857142857143,0.0066836527972258366,0.05545735664977132,0.5204066757464816,0.4699928977272727,0.48697365391272257,422,53.78,-7.35,46.444875529142124,0.5197421292529432,0.46973850782306814,0.4868255073119435,0.6380133715377269,0.8,0.758289883148883,False,51.618398637137986,0.2807625182914485,0.09451669084431241,0.3079470198675497,0.021836758125573397,True,262.37
18,5 — Learned gate,1,0.03439029608054606,0.04808346752797326,45.85084033613445,0.01962880343222352,0.01774920568181925,0.5091951962717333,0.4565518465909091,0.48142796975196395,422,53.78,-7.93,45.811944303947435,0.5081526120832641,0.4562272349569265,0.4806130477669729,0.5706781279847183,1.0,0.7547392991278729,False,52.054794520547944,0.27693502806105086,0.04446083344035203,0.26348155156102177,0.01876082457602024,True,77.22
18,5 — Learned gate,42,0.032261263309826815,0.04669180115861887,42.069327731092436,-0.6924814306969139,-0.030087433588035714,0.47313100437323574,0.4305841619318182,0.4359041926687188,422,53.78,-11.71,42.333590420078465,0.47661084943694093,0.4325941606906108,0.4385846673140456,0.5143540669856459,1.0,0.749991144941175,False,50.86848635235732,0.25864754592694694,0.04578797878652482,0.21286660359508042,0.011369141284376383,True,58.38
18,5 — Learned gate,123,0.033100841180841827,0.04745674483440861,44.48529411764706,-0.32791351061242746,-0.01061213075774607,0.49130760065393886,0.4412997159090909,0.4647576684273932,422,53.78,-9.29,44.076083300297555,0.4900129975305748,0.43735493562181055,0.4618132172300382,0.5664435946462715,1.0,0.7516639049249544,False,53.04054054054054,0.11516906237304134,0.08277894399423417,0.30842005676442763,0.015019682701677084,True,71.73
18p,5 — Learned gate,1,0.03178462526922067,0.04579547718154971,46.53361344537815,0.24790209060492457,-0.008092486088204376,0.4954641105834202,0.44691938920454544,0.44087045652397755,422,53.78,-7.25,46.53031258686133,0.496027186465999,0.44804218575225263,0.44091365542343725,0.31333973128598847,1.0,0.7232769098373252,False,50.48780487804878,0.13034108572617814,-0.06438123788281201,0.21475875118259224,0.01141363033093512,True,70.5
18p,5 — Learned gate,42,0.03416777200812816,0.04843887745087794,46.11344537815126,0.22307460290186193,-0.0275377279379084,0.49970474967907574,0.44636896306818186,0.45458144111166043,422,53.78,-7.67,45.89383642274866,0.49684466841586905,0.4452658857792454,0.4529603865790105,0.30526315789473685,1.0,0.7488493416642357,False,48.04469273743017,0.1272064311396473,0.02762046872440652,0.19157994323557237,0.022847536019980907,True,78.78
18p,5 — Learned gate,123,0.03152080377090964,0.0455751993051418,45.640756302521005,0.12349582212470227,-0.061083790611622016,0.485982613317721,0.43837890625,0.4331164999438013,422,53.78,-8.14,45.537321014403595,0.48495351879035253,0.438603354990167,0.43236036989187354,0.35372848948374763,1.0,0.7285569132977222,False,50.110864745011085,0.18380004028662728,0.12025543278623285,0.23746452223273415,0.009855662006884813,True,66.18
