model_name,fusion_type,news_scope,sentiment_mode,market_encoder_name,output_mode,use_cross_attention,use_positional_encoding,use_news_gate,recency_gate_k,use_two_stage,use_aux_loss,use_variance_reg,use_interaction_prod,use_interaction_diff,use_news_context_prod,use_cosine_sim,use_pooled_news,fusion_market_dim,fusion_hidden_dim,projected_news_dim,n_heads,dropout,sign_penalty_weight,encoder_lr_scale,aux_loss_weight,stage1_ratio,market_epochs,fusion_epochs,market_patience,fusion_patience,news_gate_alpha,variance_reg_coeff,fusion_style,market_query_mode,MAE,MAE_std,RMSE,RMSE_std,DA%,DA%_std,Sharpe,Sharpe_std,IC,IC_std,Prec,Prec_std,Rec,Rec_std,F1,F1_std,ESS,ESS_std,base_rate_DA%,base_rate_DA%_std,DA_skill%,DA_skill%_std,degenerate,seed_count
cmtf,cmtf,matched,scalars,lstm,fusion_plus_news,True,False,True,3,True,True,True,False,False,False,False,False,64,32,128,4,0.1,0.005,0.2,0.0,0.33,80,80,12,10,0.3,0.001,learned,multi,0.03017214750573589,0.0010486853198790334,0.04695752939326301,0.0010058656786103833,46.12546125461254,4.7970479704797055,0.4208259404109191,0.6894557180337179,0.08873248371371535,0.03983086132715714,0.49975668432152265,0.06716193904657922,0.4616261536225565,0.04951847347702424,0.43561145948307134,0.0917602443575524,55.0,0.0,51.29,0.0,-5.166666666666667,4.798461559013819,False,3
cmtf,cmtf,matched,scalars,lstm,fusion_plus_news,True,False,True,3,True,True,True,False,False,True,False,False,64,32,128,4,0.1,0.005,0.2,0.0,0.33,80,80,12,10,0.3,0.001,learned,multi,0.03017214750573589,0.0010486853198790334,0.04695752939326301,0.0010058656786103833,46.12546125461254,4.7970479704797055,0.4208259404109191,0.6894557180337179,0.08873248371371535,0.03983086132715714,0.49975668432152265,0.06716193904657922,0.4616261536225565,0.04951847347702424,0.43561145948307134,0.0917602443575524,55.0,0.0,51.29,0.0,-5.166666666666667,4.798461559013819,False,3
cmtf,cmtf,matched,scalars,lstm,fusion_plus_news,True,False,True,3,True,True,True,False,True,False,False,False,64,32,128,4,0.1,0.005,0.2,0.0,0.33,80,80,12,10,0.3,0.001,learned,multi,0.03017214750573589,0.0010486853198790334,0.04695752939326301,0.0010058656786103833,46.12546125461254,4.7970479704797055,0.4208259404109191,0.6894557180337179,0.08873248371371535,0.03983086132715714,0.49975668432152265,0.06716193904657922,0.4616261536225565,0.04951847347702424,0.43561145948307134,0.0917602443575524,55.0,0.0,51.29,0.0,-5.166666666666667,4.798461559013819,False,3
cmtf,cmtf,matched,scalars,lstm,fusion_plus_news,True,False,True,3,True,True,True,False,True,True,False,False,64,32,128,4,0.1,0.005,0.2,0.0,0.33,80,80,12,10,0.3,0.001,learned,multi,0.03017214750573589,0.0010486853198790334,0.04695752939326301,0.0010058656786103833,46.12546125461254,4.7970479704797055,0.4208259404109191,0.6894557180337179,0.08873248371371535,0.03983086132715714,0.49975668432152265,0.06716193904657922,0.4616261536225565,0.04951847347702424,0.43561145948307134,0.0917602443575524,55.0,0.0,51.29,0.0,-5.166666666666667,4.798461559013819,False,3
cmtf,cmtf,matched,scalars,lstm,fusion_plus_news,True,False,True,3,True,True,True,True,False,False,False,False,64,32,128,4,0.1,0.005,0.2,0.0,0.33,80,80,12,10,0.3,0.001,learned,multi,0.03017214750573589,0.0010486853198790334,0.04695752939326301,0.0010058656786103833,46.12546125461254,4.7970479704797055,0.4208259404109191,0.6894557180337179,0.08873248371371535,0.03983086132715714,0.49975668432152265,0.06716193904657922,0.4616261536225565,0.04951847347702424,0.43561145948307134,0.0917602443575524,55.0,0.0,51.29,0.0,-5.166666666666667,4.798461559013819,False,3
cmtf,cmtf,matched,scalars,lstm,fusion_plus_news,True,False,True,3,True,True,True,True,False,True,False,False,64,32,128,4,0.1,0.005,0.2,0.0,0.33,80,80,12,10,0.3,0.001,learned,multi,0.03017214750573589,0.0010486853198790334,0.04695752939326301,0.0010058656786103833,46.12546125461254,4.7970479704797055,0.4208259404109191,0.6894557180337179,0.08873248371371535,0.03983086132715714,0.49975668432152265,0.06716193904657922,0.4616261536225565,0.04951847347702424,0.43561145948307134,0.0917602443575524,55.0,0.0,51.29,0.0,-5.166666666666667,4.798461559013819,False,3
cmtf,cmtf,matched,scalars,lstm,fusion_plus_news,True,False,True,3,True,True,True,True,True,False,False,False,64,32,128,4,0.1,0.005,0.2,0.0,0.33,80,80,12,10,0.3,0.001,learned,multi,0.03017214750573589,0.0010486853198790334,0.04695752939326301,0.0010058656786103833,46.12546125461254,4.7970479704797055,0.4208259404109191,0.6894557180337179,0.08873248371371535,0.03983086132715714,0.49975668432152265,0.06716193904657922,0.4616261536225565,0.04951847347702424,0.43561145948307134,0.0917602443575524,55.0,0.0,51.29,0.0,-5.166666666666667,4.798461559013819,False,3
cmtf,cmtf,matched,scalars,lstm,fusion_plus_news,True,False,True,3,True,True,True,True,True,True,False,False,64,32,128,4,0.1,0.005,0.2,0.0,0.33,80,80,12,10,0.3,0.001,handcrafted,multi,0.029806434671641412,0.001288095658743417,0.04809858575776371,0.0022801596579382333,49.507995079950796,0.7681424352273555,0.22610973989098002,0.17682641507165703,0.10817994211176911,0.0650438711878198,0.5550646745940914,0.0283095781161524,0.48588856187777046,0.009862805804565247,0.4247622769705383,0.07565828142658033,55.0,0.0,51.29,0.0,-1.7833333333333332,0.770216419802469,False,3
cmtf,cmtf,matched,scalars,lstm,fusion_plus_news,True,False,True,3,True,True,True,True,True,True,False,False,64,32,128,4,0.1,0.005,0.2,0.0,0.33,80,80,12,10,0.3,0.001,learned,multi,0.03017214750573589,0.0010486853198790334,0.04695752939326301,0.0010058656786103833,46.12546125461254,4.7970479704797055,0.4208259404109191,0.6894557180337179,0.08873248371371535,0.03983086132715714,0.49975668432152265,0.06716193904657922,0.4616261536225565,0.04951847347702424,0.43561145948307134,0.0917602443575524,55.0,0.0,51.29,0.0,-5.166666666666667,4.798461559013819,False,3
