Experiment,Symbol,MAE,RMSE,DA%,Sharpe,IC
Chronos Zero-Shot,VCB,0.02198570713288332,0.028442087743636938,48.214285714285715,0.7739509976497791,-0.00536577863678201
Chronos Linear-Probe,VCB,0.020191848278045654,0.027387935668230057,46.42857142857143,0.08961113716645598,0.14983167862198937
Chronos + CMTF,VCB,0.02024657465517521,0.027848606929183006,57.14285714285714,-0.30428766318656075,-0.10177890942889699
Chronos Zero-Shot,MBB,0.016601147713497234,0.022946777919841167,48.214285714285715,-1.291210706699671,-0.18113465481886537
Chronos Linear-Probe,MBB,0.015046423301100731,0.021534912288188934,51.78571428571429,0.23275949118435443,-0.25222146274777857
Chronos + CMTF,MBB,0.015361117199063301,0.0217246375977993,51.78571428571429,0.23275949118435443,-0.32077922077922083
Chronos Zero-Shot,AVG,0.019293427423190276,0.025694432831739052,48.214285714285715,-0.2586298545249459,-0.09325021672782369
Chronos Linear-Probe,AVG,0.017619135789573193,0.024461423978209496,49.10714285714286,0.16118531417540521,-0.0511948920628946
Chronos + CMTF,AVG,0.017803845927119255,0.024786622263491154,54.464285714285715,-0.03576408600110316,-0.21127906510405892
